nome_curso,plataforma,categoria,linguagem,duracao_horas,preco,avaliacao_media,num_alunos,certificado,instrutor_experiente,sucesso
Streaming com TypeScript,Alura,Engenharia de Dados,TypeScript,28,246.11,4.2,1338,Sim,Não,Médio
Apps com Kubernetes,Pluralsight,Mobile,Kubernetes,23,134.99,4.55,551,Sim,Sim,Alto
Machine Learning com GCP,Coursera,IA/ML,GCP,46,271.06,4.89,2261,Sim,Não,Alto
Blue Team com Go,Alura,Segurança,Go,27,233.16,4.46,1049,Sim,Sim,Alto
Full-Stack com Angular,Coursera,Desenvolvimento Web,Angular,22,232.58,4.69,1984,Sim,Sim,Alto
Infra como Código na SIEM,Udemy,Cloud,SIEM,28,166.6,4.49,2187,Sim,Sim,Alto
Dashboards com Docker,Udemy,Dados,Docker,17,134.45,4.51,2601,Sim,Não,Alto
Front-end com Hadoop,DIO,Desenvolvimento Web,Hadoop,25,105.18,4.05,657,Sim,Não,Médio
Streaming com GCP,Udemy,Engenharia de Dados,GCP,35,236.56,4.28,2344,Sim,Sim,Alto
OWASP com Next.js,Udemy,Segurança,Next.js,26,180.8,4.22,2378,Sim,Sim,Alto
Microservices com Pentest,Udemy,Arquitetura de Software,Pentest,28,167.14,4.53,1717,Sim,Sim,Alto
Orquestração com Flask,DataCamp,Engenharia de Dados,Flask,33,244.95,4.71,2012,Sim,Sim,Alto
Testes Automatizados com SQL,DIO,QA/Testes,SQL,20,100.85,4.32,1419,Sim,Sim,Alto
Testes de Carga com Spring,Udemy,QA/Testes,Spring,16,142.39,4.35,1824,Sim,Não,Alto
Pentest com GCP,Coursera,Segurança,GCP,33,281.42,4.42,2831,Sim,Não,Médio
Front-end com Angular,Udemy,Desenvolvimento Web,Angular,18,165.76,4.42,1587,Sim,Sim,Alto
Contêineres com Hadoop,Udemy,DevOps,Hadoop,32,167.54,4.65,2027,Sim,Não,Alto
Mobile com Kotlin,Udemy,Mobile,Kotlin,24,149.52,4.11,1245,Sim,Sim,Alto
Otimização em SQL,DIO,Banco de Dados,SQL,21,68.63,4.19,352,Sim,Sim,Alto
MLOps com TensorFlow,Coursera,IA/ML,TensorFlow,37,301.38,4.44,2844,Sim,Sim,Alto
Dominando IAM,DIO,Programação,IAM,21,87.75,4.11,1311,Sim,Sim,Alto
Testes de Carga com SQL,Alura,QA/Testes,SQL,14,154.77,4.58,1200,Sim,Sim,Alto
ETL com OWASP,Alura,Dados,OWASP,30,226.45,4.8,1726,Sim,Sim,Alto
ETL com Airflow,DIO,Dados,Airflow,25,78.02,4.42,1094,Não,Sim,Alto
Scalability com Next.js,Alura,Arquitetura de Software,Next.js,24,277.19,4.57,1192,Sim,Sim,Alto
Do Zero em Spark,DIO,Mobile,Spark,25,81.93,4.06,268,Sim,Não,Médio
Contêineres com NumPy,Origamid,DevOps,NumPy,23,208.54,4.33,158,Sim,Sim,Médio
Microservices com Pentest,Udemy,Arquitetura de Software,Pentest,30,186.37,4.47,2221,Sim,Não,Médio
Administração em Azure,Udemy,Banco de Dados,Azure,10,175.6,4.52,2315,Sim,Sim,Alto
Data Viz com Pandas,Coursera,Dados,Pandas,24,213.97,4.61,1809,Sim,Sim,Alto
Otimização em GCP,Udemy,Banco de Dados,GCP,18,144.0,4.79,2450,Sim,Sim,Alto
QA Ágil com Jenkins,Coursera,QA/Testes,Jenkins,26,148.24,4.06,1783,Sim,Sim,Alto
Apps com JavaScript,Udemy,Mobile,JavaScript,20,154.62,4.48,1175,Não,Sim,Alto
Scalability com Go,Origamid,Arquitetura de Software,Go,21,210.71,4.77,332,Sim,Não,Médio
QA Ágil com Docker,Coursera,QA/Testes,Docker,8,147.05,4.73,1778,Não,Sim,Alto
QA Ágil com TensorFlow,Udemy,QA/Testes,TensorFlow,16,160.53,4.8,1128,Sim,Sim,Alto
Otimização em Java,Udemy,Banco de Dados,Java,20,188.38,4.46,2624,Não,Sim,Alto
Pipelines de Dados com Docker,Alura,Engenharia de Dados,Docker,31,201.06,4.77,1511,Sim,Sim,Alto
Fundamentos de Django,Udemy,Programação,Django,25,106.74,4.68,2155,Sim,Não,Alto
TDD com Power BI,Origamid,QA/Testes,Power BI,28,162.97,4.36,1174,Sim,Sim,Alto
Administração em Django,Coursera,Banco de Dados,Django,18,246.59,4.37,1517,Sim,Sim,Alto
Apps com C#,Udemy,Mobile,C#,26,94.99,4.41,1241,Sim,Sim,Alto
Arquiteturas na Vue,Alura,Cloud,Vue,21,268.86,4.39,1596,Não,Sim,Médio
Machine Learning com AWS,DIO,IA/ML,AWS,47,150.88,4.05,1313,Sim,Sim,Médio
MLOps com IAM,Udemy,IA/ML,IAM,39,224.46,4.39,2379,Não,Sim,Médio
Pipelines de Dados com Kubernetes,DataCamp,Engenharia de Dados,Kubernetes,37,258.96,4.72,1415,Sim,Sim,Alto
Streaming com Next.js,Alura,Engenharia de Dados,Next.js,33,217.63,4.71,1309,Sim,Não,Alto
Modelagem com Flask,Origamid,Banco de Dados,Flask,19,201.77,4.17,241,Sim,Sim,Médio
Dashboards com Angular,Alura,Dados,Angular,16,161.81,4.39,580,Sim,Sim,Alto
Pipelines CI/CD com FastAPI,DIO,DevOps,FastAPI,21,116.9,3.97,762,Sim,Não,Médio
Contêineres com Kubernetes,DIO,DevOps,Kubernetes,25,176.54,4.11,657,Sim,Não,Médio
Testes Automatizados com TensorFlow,Alura,QA/Testes,TensorFlow,20,172.82,4.4,901,Não,Sim,Médio
Streaming com Kubernetes,Pluralsight,Engenharia de Dados,Kubernetes,25,245.42,4.18,1917,Sim,Sim,Médio
Do Zero em GCP,Pluralsight,Mobile,GCP,17,168.92,4.53,1213,Sim,Sim,Alto
IA Aplicada com Spark,Alura,IA/ML,Spark,32,305.29,4.56,1899,Sim,Sim,Alto
Serverless na AWS,Alura,Cloud,AWS,25,235.53,4.43,1203,Não,Sim,Médio
Contêineres com Pandas,Origamid,DevOps,Pandas,31,237.61,4.18,868,Sim,Sim,Médio
Serverless na Next.js,Udemy,Cloud,Next.js,21,186.01,4.77,1862,Sim,Sim,Alto
OWASP com Pandas,DIO,Segurança,Pandas,23,184.13,3.91,750,Sim,Não,Médio
ETL com AWS,DIO,Dados,AWS,24,99.94,3.99,740,Sim,Sim,Alto
Algoritmos com Rust,Udemy,Programação,Rust,31,147.03,4.48,1537,Sim,Sim,Alto
DevOps com React Native,DIO,DevOps,React Native,26,103.79,4.01,1615,Sim,Sim,Alto
Do Zero ao Pro em NumPy,Pluralsight,Programação,NumPy,26,183.45,4.32,815,Sim,Sim,Alto
Mobile com PyTorch,Pluralsight,Mobile,PyTorch,15,164.83,4.6,1798,Sim,Sim,Alto
OWASP com NumPy,Coursera,Segurança,NumPy,23,283.74,4.77,1775,Sim,Não,Médio
Mobile com IAM,Coursera,Mobile,IAM,20,216.09,4.2,1740,Não,Sim,Médio
Testes Automatizados com SIEM,Alura,QA/Testes,SIEM,17,166.81,4.94,1093,Sim,Sim,Alto
Modelagem com Rust,Coursera,Banco de Dados,Rust,14,270.58,4.69,2312,Sim,Sim,Alto
Pentest com NumPy,Coursera,Segurança,NumPy,31,224.76,4.73,2326,Não,Sim,Alto
Segurança com C#,Coursera,Segurança,C#,24,237.83,4.8,2090,Sim,Sim,Alto
Infra como Código na Java,Alura,Cloud,Java,28,195.06,4.52,1389,Sim,Não,Médio
Dashboards com Docker,DataCamp,Dados,Docker,22,167.03,4.58,307,Sim,Não,Médio
QA Ágil com Rust,DataCamp,QA/Testes,Rust,16,120.64,4.42,1230,Sim,Sim,Alto
Blue Team com FastAPI,Udemy,Segurança,FastAPI,12,200.94,4.26,2075,Sim,Sim,Médio
Consultas em Airflow,DataCamp,Banco de Dados,Airflow,17,189.52,4.44,1162,Sim,Não,Médio
Data Lakes com Azure,Origamid,Engenharia de Dados,Azure,31,181.6,4.13,741,Sim,Sim,Alto
Front-end com GitLab CI,Udemy,Desenvolvimento Web,GitLab CI,25,150.16,4.46,2187,Sim,Sim,Alto
Do Zero ao Pro em Python,DIO,Programação,Python,21,114.6,4.17,1412,Sim,Não,Médio
OWASP com Linux,Alura,Segurança,Linux,19,266.15,4.29,1625,Sim,Não,Médio
Algoritmos com C#,Coursera,Programação,C#,21,210.75,4.47,2298,Sim,Sim,Alto
Contêineres com Linux,Origamid,DevOps,Linux,19,167.21,4.61,885,Sim,Não,Médio
Pipelines de Dados com Power BI,Alura,Engenharia de Dados,Power BI,39,272.16,4.29,2148,Sim,Sim,Médio
Modelagem com Power BI,Udemy,Banco de Dados,Power BI,20,88.43,4.61,1175,Sim,Sim,Alto
TDD com Spark,Coursera,QA/Testes,Spark,19,141.52,4.56,1830,Sim,Sim,Alto
Infra como Código na GCP,DIO,Cloud,GCP,20,147.8,4.31,1097,Sim,Sim,Alto
Modelagem com NumPy,Alura,Banco de Dados,NumPy,25,163.71,4.65,1274,Sim,Sim,Alto
Microservices com Next.js,DataCamp,Arquitetura de Software,Next.js,27,270.29,4.56,1052,Sim,Sim,Alto
Do Zero ao Pro em TypeScript,Origamid,Programação,TypeScript,33,127.13,4.36,166,Sim,Sim,Médio
Pentest com Pandas,Udemy,Segurança,Pandas,19,193.92,4.48,2120,Sim,Sim,Alto
DevOps com Spring,Udemy,DevOps,Spring,36,168.27,4.49,2310,Sim,Não,Alto
Testes Automatizados com Docker,Udemy,QA/Testes,Docker,9,175.76,4.6,2056,Sim,Sim,Alto
OWASP com Linux,Coursera,Segurança,Linux,22,236.16,4.45,1999,Sim,Sim,Alto
OWASP com Go,DataCamp,Segurança,Go,15,188.56,4.59,1448,Sim,Sim,Alto
Machine Learning com Swift,DataCamp,IA/ML,Swift,40,271.41,4.8,1316,Sim,Não,Médio
Fundamentos de JavaScript,Udemy,Programação,JavaScript,23,138.03,4.19,1672,Sim,Sim,Alto
Streaming com Kubernetes,DIO,Engenharia de Dados,Kubernetes,19,184.05,4.24,1238,Sim,Sim,Alto
Back-end com Airflow,Alura,Desenvolvimento Web,Airflow,21,185.94,4.68,1173,Sim,Sim,Alto
Do Zero ao Pro em Flutter,Alura,Programação,Flutter,16,173.35,4.96,1043,Sim,Sim,Alto
Blue Team com Rust,Origamid,Segurança,Rust,19,209.46,4.67,647,Não,Não,Médio
Observabilidade com Docker,Coursera,DevOps,Docker,15,265.17,4.87,2903,Sim,Não,Alto
Dashboards com Swift,Alura,Dados,Swift,23,158.86,4.54,1019,Sim,Sim,Alto
Pipelines CI/CD com AWS,DIO,DevOps,AWS,12,191.74,4.15,1059,Sim,Sim,Médio
Web Moderno com React Native,Alura,Desenvolvimento Web,React Native,30,208.74,4.61,928,Não,Não,Médio
Contêineres com SIEM,DataCamp,DevOps,SIEM,18,248.44,4.44,1790,Sim,Sim,Alto
Data Lakes com Node.js,Udemy,Engenharia de Dados,Node.js,35,213.29,4.39,2200,Sim,Não,Médio
Modelagem com TensorFlow,DIO,Banco de Dados,TensorFlow,12,107.51,4.13,772,Sim,Não,Médio
Pipelines CI/CD com Spark,DataCamp,DevOps,Spark,21,174.82,4.31,473,Sim,Sim,Alto
Otimização em Hadoop,DIO,Banco de Dados,Hadoop,23,151.6,4.34,1012,Sim,Não,Médio
Web Moderno com Spark,Alura,Desenvolvimento Web,Spark,25,218.05,4.62,763,Sim,Sim,Alto
DevOps com Kotlin,Alura,DevOps,Kotlin,26,212.76,4.62,2124,Sim,Sim,Alto
Pipelines de Dados com FastAPI,Alura,Engenharia de Dados,FastAPI,31,213.87,4.62,1641,Sim,Sim,Alto
Pentest com React Native,Udemy,Segurança,React Native,31,157.27,4.53,2289,Sim,Sim,Alto
Pentest com Flask,Coursera,Segurança,Flask,29,300.75,4.72,1634,Sim,Sim,Alto
Apps com Rust,Coursera,Mobile,Rust,23,206.67,4.83,1424,Sim,Sim,Alto
Data Viz com NumPy,DataCamp,Dados,NumPy,26,188.65,4.22,1029,Não,Sim,Médio
Scalability com SIEM,Udemy,Arquitetura de Software,SIEM,19,193.27,4.1,1178,Não,Sim,Médio
Administração em TensorFlow,Alura,Banco de Dados,TensorFlow,18,172.48,4.4,1535,Sim,Sim,Alto
Testes Automatizados com FastAPI,DIO,QA/Testes,FastAPI,8,116.98,4.32,616,Sim,Sim,Alto
Pipelines de Dados com Go,DIO,Engenharia de Dados,Go,35,186.97,3.98,901,Sim,Sim,Alto
Arquiteturas na Terraform,Alura,Cloud,Terraform,27,195.32,4.56,1828,Sim,Sim,Alto
Data Lakes com Django,Udemy,Engenharia de Dados,Django,33,168.37,4.56,1405,Sim,Sim,Alto
Pentest com SQL,DIO,Segurança,SQL,12,151.35,4.34,941,Sim,Sim,Alto
Cross-platform com React,Alura,Mobile,React,14,195.99,4.58,544,Sim,Sim,Alto
Pipelines de Dados com Swift,Pluralsight,Engenharia de Dados,Swift,24,261.61,4.25,1009,Sim,Sim,Alto
Deep Learning com Pentest,Udemy,IA/ML,Pentest,52,147.98,4.57,1604,Sim,Sim,Alto
Consultas em Go,Udemy,Banco de Dados,Go,10,117.5,4.08,1692,Sim,Não,Médio
Testes Automatizados com Python,DIO,QA/Testes,Python,18,91.13,4.12,686,Sim,Sim,Alto
Front-end com Linux,Udemy,Desenvolvimento Web,Linux,25,98.17,4.62,2738,Sim,Sim,Alto
Back-end com Spark,Coursera,Desenvolvimento Web,Spark,19,241.65,4.53,2148,Sim,Sim,Alto
IA Aplicada com FastAPI,Udemy,IA/ML,FastAPI,34,189.44,4.67,2924,Sim,Sim,Alto
Front-end com SIEM,Alura,Desenvolvimento Web,SIEM,19,128.96,4.56,2369,Sim,Sim,Alto
Scalability com Pentest,Coursera,Arquitetura de Software,Pentest,28,334.87,5.0,2047,Sim,Sim,Alto
Testes de Carga com Terraform,DIO,QA/Testes,Terraform,15,112.81,4.03,427,Sim,Não,Médio
Deep Learning com Vue,Coursera,IA/ML,Vue,33,316.04,4.13,2376,Não,Sim,Médio
Análise de Dados com OWASP,DIO,Dados,OWASP,19,111.06,3.84,1244,Não,Sim,Médio
DDD com SIEM,Alura,Arquitetura de Software,SIEM,19,203.35,4.55,1293,Sim,Sim,Alto
DevOps com SQL,Coursera,DevOps,SQL,17,260.73,4.7,2428,Sim,Sim,Alto
TDD com Spark,Coursera,QA/Testes,Spark,9,168.0,4.58,1130,Sim,Sim,Alto
Do Zero ao Pro em Vue,DataCamp,Programação,Vue,25,163.28,4.63,1452,Sim,Sim,Alto
Mobile com Docker,Udemy,Mobile,Docker,16,121.52,4.28,1759,Sim,Não,Alto
Cross-platform com Flask,Origamid,Mobile,Flask,15,140.06,4.41,670,Não,Sim,Médio
Pipelines de Dados com Rust,Alura,Engenharia de Dados,Rust,35,262.34,5.0,1942,Sim,Sim,Alto
IA Aplicada com Azure,Alura,IA/ML,Azure,42,249.75,4.66,1086,Sim,Sim,Alto
Mobile com C#,Udemy,Mobile,C#,19,140.66,4.6,1363,Sim,Sim,Alto
Do Zero ao Pro em PyTorch,Pluralsight,Programação,PyTorch,35,211.38,4.32,469,Não,Não,Médio
Observabilidade com Pandas,Udemy,DevOps,Pandas,24,173.34,4.42,2048,Sim,Sim,Alto
Testes Automatizados com Power BI,DIO,QA/Testes,Power BI,15,110.54,3.96,421,Sim,Sim,Médio
Back-end com FastAPI,Coursera,Desenvolvimento Web,FastAPI,33,226.45,4.6,2586,Sim,Sim,Alto
Do Zero em Linux,Coursera,Mobile,Linux,10,181.79,4.68,705,Sim,Não,Médio
Deep Learning com Java,DIO,IA/ML,Java,34,163.66,4.06,1001,Sim,Não,Médio
Administração em Jenkins,Pluralsight,Banco de Dados,Jenkins,27,186.11,4.59,1341,Não,Sim,Alto
Web Moderno com FastAPI,Udemy,Desenvolvimento Web,FastAPI,32,94.6,4.14,1867,Sim,Não,Médio
Machine Learning com OWASP,Alura,IA/ML,OWASP,48,296.12,4.37,1769,Não,Sim,Médio
Modelagem com Swift,Alura,Banco de Dados,Swift,16,189.25,4.39,2040,Sim,Sim,Alto
Do Zero ao Pro em React Native,DIO,Programação,React Native,26,86.94,4.59,469,Sim,Não,Alto
Serverless na Hadoop,Alura,Cloud,Hadoop,22,256.52,4.3,1767,Sim,Não,Médio
MLOps com AWS,Alura,IA/ML,AWS,45,243.46,4.64,836,Sim,Sim,Alto
Administração em Airflow,Origamid,Banco de Dados,Airflow,30,120.31,4.1,1209,Sim,Sim,Alto
Serverless na Power BI,DIO,Cloud,Power BI,39,124.28,4.1,1074,Sim,Sim,Alto
IA Aplicada com Hadoop,Alura,IA/ML,Hadoop,32,271.76,4.54,1938,Sim,Sim,Alto
Modelagem com React Native,Coursera,Banco de Dados,React Native,25,251.79,4.93,1736,Sim,Sim,Alto
Microservices com Angular,Coursera,Arquitetura de Software,Angular,27,351.8,4.58,2264,Sim,Sim,Alto
Pipelines CI/CD com Pandas,Alura,DevOps,Pandas,30,255.09,4.46,1347,Sim,Sim,Alto
Testes Automatizados com Jenkins,Alura,QA/Testes,Jenkins,9,181.89,4.38,975,Sim,Sim,Alto
Otimização em Flutter,Alura,Banco de Dados,Flutter,10,186.34,4.53,1479,Sim,Sim,Alto
Full-Stack com AWS,Udemy,Desenvolvimento Web,AWS,23,138.93,4.31,1899,Sim,Sim,Alto
Testes Automatizados com Swift,DataCamp,QA/Testes,Swift,14,175.79,4.43,1061,Sim,Sim,Alto
DDD com Node.js,Coursera,Arquitetura de Software,Node.js,35,231.92,4.81,1809,Sim,Sim,Alto
ETL com NumPy,DIO,Dados,NumPy,13,115.17,4.1,120,Sim,Não,Médio
Pentest com Go,Alura,Segurança,Go,21,239.07,4.44,1678,Não,Sim,Médio
Arquitetura Limpa com React Native,Udemy,Arquitetura de Software,React Native,30,167.12,4.55,1404,Sim,Sim,Alto
ETL com Power BI,Coursera,Dados,Power BI,11,258.93,4.92,1844,Não,Não,Médio
Testes de Carga com Next.js,Origamid,QA/Testes,Next.js,11,136.85,4.48,997,Sim,Sim,Alto
Testes de Carga com C#,Alura,QA/Testes,C#,16,141.49,4.81,827,Sim,Sim,Alto
Data Lakes com TypeScript,Alura,Engenharia de Dados,TypeScript,37,272.57,4.22,2085,Sim,Sim,Alto
Otimização em Power BI,Udemy,Banco de Dados,Power BI,18,142.3,4.66,1549,Não,Sim,Alto
Front-end com Java,Alura,Desenvolvimento Web,Java,21,172.81,4.68,2046,Sim,Sim,Alto
Serverless na Airflow,Coursera,Cloud,Airflow,13,309.61,4.85,2064,Sim,Sim,Alto
Infra como Código na Spring,DataCamp,Cloud,Spring,25,154.82,4.65,1165,Sim,Não,Alto
Microservices com Jenkins,Alura,Arquitetura de Software,Jenkins,22,204.24,4.46,1111,Sim,Sim,Alto
OWASP com PyTorch,Origamid,Segurança,PyTorch,23,140.55,4.61,586,Sim,Sim,Alto
Data Viz com Swift,DataCamp,Dados,Swift,22,198.24,4.31,1479,Sim,Sim,Alto
Front-end com Rust,Pluralsight,Desenvolvimento Web,Rust,15,158.23,4.4,1267,Sim,Sim,Alto
Testes Automatizados com Hadoop,Coursera,QA/Testes,Hadoop,13,172.71,4.86,1207,Sim,Sim,Alto
Data Lakes com Jenkins,Coursera,Engenharia de Dados,Jenkins,34,284.4,4.65,1951,Sim,Sim,Alto
Contêineres com NumPy,DataCamp,DevOps,NumPy,21,200.86,4.73,1336,Sim,Sim,Alto
MLOps com Flutter,Coursera,IA/ML,Flutter,35,299.27,4.99,3066,Sim,Não,Alto
DevOps com Django,DIO,DevOps,Django,23,152.12,4.54,1014,Sim,Não,Médio
Pipelines CI/CD com C#,Pluralsight,DevOps,C#,19,197.21,4.08,1343,Sim,Sim,Médio
MLOps com NumPy,DataCamp,IA/ML,NumPy,35,254.06,4.32,1620,Sim,Sim,Alto
Do Zero ao Pro em Docker,Alura,Programação,Docker,30,108.59,4.39,1449,Sim,Não,Médio
IA Aplicada com Flask,Udemy,IA/ML,Flask,43,184.38,4.12,2454,Não,Sim,Médio
MLOps com Airflow,Alura,IA/ML,Airflow,35,247.59,4.49,1407,Sim,Sim,Alto
QA Ágil com Kubernetes,Coursera,QA/Testes,Kubernetes,13,177.86,4.67,1484,Sim,Sim,Alto
ETL com React,Coursera,Dados,React,22,197.37,4.59,2229,Sim,Sim,Alto
Testes Automatizados com Swift,Alura,QA/Testes,Swift,14,205.57,4.58,1185,Sim,Sim,Alto
IA Aplicada com PyTorch,Udemy,IA/ML,PyTorch,29,183.24,4.44,2347,Não,Sim,Médio
Mobile com Angular,Udemy,Mobile,Angular,24,128.83,4.38,1553,Sim,Sim,Alto
Pentest com Azure,Coursera,Segurança,Azure,21,267.24,4.58,1923,Sim,Sim,Alto
Apps com Kubernetes,DataCamp,Mobile,Kubernetes,25,121.92,4.81,1220,Sim,Sim,Alto
Arquitetura Limpa com TypeScript,Coursera,Arquitetura de Software,TypeScript,26,294.22,4.62,1759,Sim,Sim,Alto
OWASP com OWASP,DataCamp,Segurança,OWASP,21,201.55,4.26,952,Sim,Sim,Alto
Mobile com Node.js,DataCamp,Mobile,Node.js,25,166.4,4.36,1012,Sim,Não,Médio
Cross-platform com GitLab CI,Udemy,Mobile,GitLab CI,12,173.78,4.66,1320,Não,Sim,Alto
Algoritmos com Vue,Alura,Programação,Vue,21,144.3,4.72,1261,Sim,Sim,Alto
QA Ágil com SQL,Alura,QA/Testes,SQL,17,198.1,4.52,1230,Sim,Sim,Alto
ETL com FastAPI,Alura,Dados,FastAPI,25,152.77,4.48,1108,Sim,Sim,Alto
Data Lakes com React Native,Alura,Engenharia de Dados,React Native,30,253.67,4.6,1022,Sim,Sim,Alto
Testes de Carga com Linux,Pluralsight,QA/Testes,Linux,18,133.18,4.27,476,Não,Sim,Médio
Web Moderno com Python,DIO,Desenvolvimento Web,Python,18,113.02,4.0,510,Sim,Sim,Alto
Blue Team com TensorFlow,DataCamp,Segurança,TensorFlow,18,226.04,4.72,1065,Sim,Sim,Alto
Deep Learning com Node.js,Alura,IA/ML,Node.js,35,310.01,4.4,942,Sim,Sim,Alto
IA Aplicada com JavaScript,DataCamp,IA/ML,JavaScript,38,254.38,4.66,1240,Sim,Sim,Alto
Contêineres com IAM,DIO,DevOps,IAM,24,119.0,4.42,335,Sim,Não,Médio
Modelagem com TensorFlow,Pluralsight,Banco de Dados,TensorFlow,10,228.38,4.37,2397,Sim,Não,Alto
Pipelines de Dados com Power BI,DIO,Engenharia de Dados,Power BI,36,166.14,4.18,914,Sim,Sim,Alto
OWASP com NumPy,Udemy,Segurança,NumPy,17,166.18,4.25,1894,Não,Sim,Alto
Certificação na Go,DataCamp,Cloud,Go,35,218.93,4.78,332,Sim,Sim,Alto
Pipelines CI/CD com GitLab CI,Coursera,DevOps,GitLab CI,14,227.12,4.46,1619,Sim,Não,Médio
Dashboards com PyTorch,Udemy,Dados,PyTorch,25,131.44,4.54,1876,Sim,Não,Médio
Administração em TypeScript,Pluralsight,Banco de Dados,TypeScript,19,192.77,4.44,952,Não,Sim,Médio
Modelagem com Python,Pluralsight,Banco de Dados,Python,30,174.98,4.56,1173,Sim,Sim,Alto
Contêineres com Vue,Pluralsight,DevOps,Vue,26,166.72,4.59,1256,Sim,Sim,Alto
Data Lakes com Python,Alura,Engenharia de Dados,Python,34,228.23,4.53,1640,Sim,Sim,Alto
Data Lakes com Swift,DataCamp,Engenharia de Dados,Swift,34,237.54,4.47,1077,Sim,Sim,Alto
Deep Learning com Python,Udemy,IA/ML,Python,31,183.21,4.32,2607,Sim,Sim,Alto
ETL com Pandas,DIO,Dados,Pandas,24,116.89,4.29,1015,Sim,Sim,Alto
Scalability com TypeScript,Udemy,Arquitetura de Software,TypeScript,35,239.17,4.63,1744,Sim,Sim,Alto
Pipelines de Dados com TypeScript,Udemy,Engenharia de Dados,TypeScript,41,180.99,4.34,2266,Não,Sim,Médio
Análise de Dados com SIEM,Alura,Dados,SIEM,25,210.8,4.19,1951,Sim,Sim,Médio
Testes Automatizados com Linux,Alura,QA/Testes,Linux,8,148.13,4.32,1295,Sim,Sim,Alto
Certificação na Hadoop,DataCamp,Cloud,Hadoop,19,297.2,4.51,1385,Sim,Não,Médio
Administração em Spark,Alura,Banco de Dados,Spark,25,204.23,4.27,1087,Sim,Sim,Alto
Data Lakes com AWS,DataCamp,Engenharia de Dados,AWS,27,223.09,4.33,1736,Sim,Sim,Alto
Cross-platform com FastAPI,Udemy,Mobile,FastAPI,10,122.47,4.55,2190,Sim,Sim,Alto
IA Aplicada com Vue,Udemy,IA/ML,Vue,30,180.67,4.25,2950,Sim,Sim,Alto
Algoritmos com Spring,Udemy,Programação,Spring,24,149.73,4.36,1816,Sim,Sim,Alto
TDD com C#,Origamid,QA/Testes,C#,14,139.8,4.49,1166,Sim,Sim,Alto
Blue Team com AWS,DataCamp,Segurança,AWS,24,188.35,4.53,1101,Sim,Sim,Alto
Do Zero ao Pro em Django,Alura,Programação,Django,27,211.9,4.39,1311,Sim,Sim,Alto
Mobile com Linux,Udemy,Mobile,Linux,27,158.56,4.59,1346,Sim,Sim,Alto
DDD com Kotlin,Coursera,Arquitetura de Software,Kotlin,26,273.88,4.73,1825,Sim,Sim,Alto
ETL com Kotlin,Udemy,Dados,Kotlin,26,144.87,4.97,1312,Não,Sim,Alto
Do Zero em Angular,DataCamp,Mobile,Angular,24,174.91,4.69,660,Sim,Sim,Alto
Segurança com OWASP,Coursera,Segurança,OWASP,30,287.52,4.68,2061,Sim,Não,Médio
OWASP com TypeScript,Origamid,Segurança,TypeScript,14,174.27,4.35,777,Não,Sim,Médio
Deep Learning com Terraform,Udemy,IA/ML,Terraform,46,225.97,4.5,1588,Sim,Não,Médio
Contêineres com Angular,Origamid,DevOps,Angular,30,194.26,4.4,604,Sim,Sim,Alto
Pentest com Rust,Udemy,Segurança,Rust,18,227.37,4.35,1510,Sim,Sim,Alto
Cross-platform com Power BI,Pluralsight,Mobile,Power BI,26,181.16,4.5,574,Sim,Sim,Alto
Infra como Código na Vue,Udemy,Cloud,Vue,29,215.49,4.44,2812,Sim,Sim,Alto
IA Aplicada com TypeScript,Udemy,IA/ML,TypeScript,35,180.37,4.34,2182,Sim,Não,Médio
Apps com Spring,Pluralsight,Mobile,Spring,17,198.66,4.49,653,Não,Sim,Médio
Data Viz com Kotlin,Udemy,Dados,Kotlin,26,153.72,4.6,2231,Sim,Sim,Alto
ETL com SIEM,Coursera,Dados,SIEM,18,185.82,4.77,2440,Não,Sim,Alto
DevOps com Jenkins,DataCamp,DevOps,Jenkins,35,198.18,4.37,654,Sim,Sim,Alto
Serverless na OWASP,Pluralsight,Cloud,OWASP,34,254.4,4.74,955,Sim,Não,Médio
Testes Automatizados com Flutter,Origamid,QA/Testes,Flutter,13,148.8,4.28,1525,Sim,Sim,Alto
Deep Learning com GCP,DIO,IA/ML,GCP,41,200.73,4.56,1534,Não,Sim,Alto
Pipelines CI/CD com Kubernetes,Coursera,DevOps,Kubernetes,22,238.76,4.73,2172,Sim,Sim,Alto
ETL com Kubernetes,Alura,Dados,Kubernetes,16,168.65,4.25,1060,Sim,Sim,Alto
Infra como Código na OWASP,Udemy,Cloud,OWASP,31,200.54,4.66,1598,Sim,Sim,Alto
Testes de Carga com Azure,Alura,QA/Testes,Azure,17,140.01,4.66,950,Sim,Sim,Alto
TDD com Next.js,Udemy,QA/Testes,Next.js,18,74.21,4.52,1208,Sim,Sim,Alto
Segurança com JavaScript,Pluralsight,Segurança,JavaScript,24,211.45,4.79,1463,Sim,Não,Médio
Cross-platform com Next.js,Udemy,Mobile,Next.js,19,123.12,4.56,1070,Sim,Sim,Alto
Pentest com C#,Pluralsight,Segurança,C#,16,249.0,4.68,1697,Sim,Sim,Alto
OWASP com Rust,Udemy,Segurança,Rust,27,240.22,4.45,1688,Sim,Sim,Alto
DevOps com Spring,Udemy,DevOps,Spring,31,175.43,4.22,2049,Sim,Sim,Alto
MLOps com Hadoop,Alura,IA/ML,Hadoop,37,217.1,4.66,1593,Sim,Sim,Alto
MLOps com Kotlin,Alura,IA/ML,Kotlin,37,291.65,4.48,2229,Sim,Sim,Alto
Data Lakes com Angular,Coursera,Engenharia de Dados,Angular,27,246.07,4.65,2473,Sim,Sim,Alto
ETL com Pentest,Origamid,Dados,Pentest,15,133.69,4.59,746,Sim,Não,Médio
TDD com Flutter,DIO,QA/Testes,Flutter,20,111.23,4.25,299,Não,Sim,Médio
Back-end com Kubernetes,Alura,Desenvolvimento Web,Kubernetes,20,142.41,4.27,1829,Sim,Sim,Alto
Deep Learning com SIEM,DIO,IA/ML,SIEM,28,127.34,4.07,1906,Sim,Sim,Alto
Deep Learning com GCP,DataCamp,IA/ML,GCP,41,218.77,4.37,1455,Sim,Não,Médio
Observabilidade com Node.js,Alura,DevOps,Node.js,29,242.11,4.45,1391,Não,Sim,Médio
Consultas em Hadoop,DataCamp,Banco de Dados,Hadoop,21,185.52,4.98,1339,Sim,Sim,Alto
Observabilidade com Scikit-learn,DIO,DevOps,Scikit-learn,29,155.66,4.0,812,Sim,Sim,Médio
Back-end com Scikit-learn,DataCamp,Desenvolvimento Web,Scikit-learn,19,151.36,4.76,264,Não,Não,Médio
Certificação na IAM,Pluralsight,Cloud,IAM,25,270.65,4.22,1466,Sim,Sim,Médio
Arquiteturas na Docker,Coursera,Cloud,Docker,27,284.01,4.71,1729,Sim,Não,Alto
Pentest com Flask,DataCamp,Segurança,Flask,17,160.35,4.65,1349,Sim,Sim,Alto
Modelagem com SQL,Alura,Banco de Dados,SQL,21,198.04,4.35,1563,Sim,Sim,Alto
Testes de Carga com Scikit-learn,Alura,QA/Testes,Scikit-learn,16,200.84,4.66,620,Sim,Sim,Alto
Do Zero ao Pro em SQL,DIO,Programação,SQL,26,123.56,4.04,1006,Sim,Não,Médio
Scalability com AWS,Alura,Arquitetura de Software,AWS,32,219.1,4.51,1508,Sim,Sim,Alto
Blue Team com IAM,Origamid,Segurança,IAM,32,257.97,4.33,701,Sim,Sim,Alto
Data Viz com Flask,DIO,Dados,Flask,25,104.92,4.3,804,Sim,Sim,Alto
Do Zero em React,DataCamp,Mobile,React,12,141.2,4.66,1521,Sim,Sim,Alto
Dominando SQL,Alura,Programação,SQL,33,168.06,4.99,1615,Sim,Sim,Alto
Streaming com React Native,Coursera,Engenharia de Dados,React Native,36,243.14,4.81,2320,Sim,Sim,Alto
Web Moderno com Python,Alura,Desenvolvimento Web,Python,19,167.75,4.09,758,Sim,Sim,Alto
Contêineres com TensorFlow,DIO,DevOps,TensorFlow,22,149.72,3.99,979,Sim,Sim,Médio
Pentest com Spark,Alura,Segurança,Spark,35,225.28,4.54,1778,Não,Sim,Alto
Administração em Go,DataCamp,Banco de Dados,Go,19,134.46,4.44,1556,Sim,Não,Alto
Fundamentos de Spark,DataCamp,Programação,Spark,29,178.37,4.32,1162,Sim,Sim,Alto
QA Ágil com Scikit-learn,Coursera,QA/Testes,Scikit-learn,8,176.26,4.41,1057,Sim,Sim,Alto
Dominando Airflow,DIO,Programação,Airflow,22,126.37,4.26,1360,Sim,Não,Médio
Cross-platform com C#,Udemy,Mobile,C#,19,190.98,4.6,1902,Sim,Sim,Alto
Arquitetura Limpa com SQL,Udemy,Arquitetura de Software,SQL,32,191.17,4.17,1388,Sim,Sim,Alto
Dashboards com Vue,Udemy,Dados,Vue,15,138.89,4.37,2558,Sim,Sim,Alto
Análise de Dados com Python,Origamid,Dados,Python,20,141.07,4.19,720,Não,Sim,Médio
Streaming com TensorFlow,DIO,Engenharia de Dados,TensorFlow,32,152.03,4.22,239,Não,Sim,Médio
Pipelines de Dados com Java,Udemy,Engenharia de Dados,Java,39,163.37,4.57,2547,Sim,Não,Médio
Algoritmos com React Native,Origamid,Programação,React Native,34,170.63,4.54,864,Sim,Sim,Alto
TDD com Hadoop,Alura,QA/Testes,Hadoop,12,152.48,4.45,1560,Sim,Sim,Alto
Administração em Linux,Coursera,Banco de Dados,Linux,28,216.87,4.6,1601,Sim,Sim,Alto
Full-Stack com Rust,Coursera,Desenvolvimento Web,Rust,19,214.81,4.83,1552,Sim,Sim,Alto
Arquitetura Limpa com AWS,Origamid,Arquitetura de Software,AWS,32,201.17,4.63,421,Sim,Não,Médio
Contêineres com OWASP,Udemy,DevOps,OWASP,25,124.48,4.59,1723,Sim,Sim,Alto
Segurança com React,Pluralsight,Segurança,React,26,277.97,4.39,987,Sim,Não,Médio
Otimização em SQL,Coursera,Banco de Dados,SQL,10,273.52,4.62,1540,Não,Não,Médio
Full-Stack com Flask,Coursera,Desenvolvimento Web,Flask,23,229.06,4.47,1863,Sim,Sim,Alto
Pentest com Linux,DIO,Segurança,Linux,22,178.96,4.46,623,Não,Sim,Médio
TDD com IAM,Alura,QA/Testes,IAM,17,171.36,4.32,763,Sim,Sim,Alto
IA Aplicada com Swift,Coursera,IA/ML,Swift,35,222.27,4.5,2531,Sim,Sim,Alto
Testes de Carga com Power BI,Alura,QA/Testes,Power BI,14,146.31,4.4,915,Sim,Não,Médio
Data Viz com Go,DIO,Dados,Go,20,128.86,4.26,1158,Sim,Sim,Alto
Microservices com Kubernetes,Coursera,Arquitetura de Software,Kubernetes,26,247.71,4.43,1537,Sim,Não,Médio
Machine Learning com GCP,DataCamp,IA/ML,GCP,32,220.52,4.28,1513,Sim,Não,Médio
Testes Automatizados com SIEM,Coursera,QA/Testes,SIEM,14,193.34,4.47,1181,Sim,Sim,Alto
Infra como Código na Terraform,Udemy,Cloud,Terraform,32,185.81,4.57,2081,Sim,Não,Alto
Orquestração com JavaScript,Alura,Engenharia de Dados,JavaScript,40,272.46,4.47,1553,Sim,Sim,Alto
Pentest com Docker,Udemy,Segurança,Docker,27,178.13,4.29,2010,Sim,Não,Médio
Machine Learning com Node.js,Udemy,IA/ML,Node.js,46,215.39,4.28,2125,Sim,Sim,Alto
Deep Learning com React Native,Udemy,IA/ML,React Native,35,180.65,4.49,1858,Sim,Sim,Alto
QA Ágil com Scikit-learn,Udemy,QA/Testes,Scikit-learn,28,124.37,4.42,1648,Sim,Não,Alto
Streaming com IAM,Pluralsight,Engenharia de Dados,IAM,35,245.35,4.38,1396,Sim,Sim,Alto
Back-end com Pandas,DIO,Desenvolvimento Web,Pandas,21,89.44,4.26,1481,Sim,Sim,Alto
Serverless na OWASP,Alura,Cloud,OWASP,33,287.64,4.68,1322,Sim,Não,Médio
Blue Team com SQL,Coursera,Segurança,SQL,14,206.1,4.73,1336,Sim,Sim,Alto
Data Lakes com Kubernetes,DIO,Engenharia de Dados,Kubernetes,39,182.65,4.0,825,Sim,Sim,Médio
Data Lakes com Python,DataCamp,Engenharia de Dados,Python,31,218.34,4.7,1759,Sim,Sim,Alto
DDD com Flutter,Alura,Arquitetura de Software,Flutter,20,197.69,4.37,1711,Não,Sim,Alto
Segurança com AWS,Pluralsight,Segurança,AWS,24,220.46,4.68,882,Sim,Sim,Alto
Análise de Dados com Docker,Coursera,Dados,Docker,11,196.63,4.74,1588,Sim,Sim,Alto
Front-end com SIEM,Alura,Desenvolvimento Web,SIEM,18,175.9,4.47,1183,Sim,Sim,Alto
Segurança com IAM,Alura,Segurança,IAM,22,284.93,4.62,1201,Sim,Sim,Alto
Observabilidade com Rust,Udemy,DevOps,Rust,25,177.32,4.41,2485,Sim,Sim,Alto
Data Lakes com React,Coursera,Engenharia de Dados,React,39,310.82,4.68,2793,Não,Não,Médio
Orquestração com React,Udemy,Engenharia de Dados,React,31,232.21,4.65,1819,Sim,Sim,Alto
Machine Learning com Node.js,Pluralsight,IA/ML,Node.js,54,218.91,4.45,1562,Sim,Não,Médio
Pipelines CI/CD com Flask,DataCamp,DevOps,Flask,21,143.31,4.42,290,Sim,Sim,Alto
Análise de Dados com PyTorch,Coursera,Dados,PyTorch,25,222.55,4.66,2277,Sim,Sim,Alto
Contêineres com Python,DataCamp,DevOps,Python,31,216.31,4.43,1568,Sim,Sim,Médio
Administração em GCP,Coursera,Banco de Dados,GCP,30,236.46,4.68,2312,Sim,Sim,Alto
Infra como Código na GitLab CI,Origamid,Cloud,GitLab CI,19,255.34,4.17,995,Sim,Sim,Médio
Consultas em Flask,Pluralsight,Banco de Dados,Flask,20,198.09,4.48,1576,Sim,Sim,Alto
Cross-platform com Pentest,Udemy,Mobile,Pentest,19,132.11,4.46,1651,Sim,Sim,Alto
DDD com NumPy,Alura,Arquitetura de Software,NumPy,17,289.7,4.6,1794,Sim,Sim,Alto
Infra como Código na Airflow,DataCamp,Cloud,Airflow,28,220.59,4.62,1616,Sim,Sim,Alto
Infra como Código na React,Udemy,Cloud,React,22,148.59,4.61,2330,Sim,Sim,Alto
MLOps com SIEM,Udemy,IA/ML,SIEM,33,209.26,4.99,2396,Sim,Não,Alto
MLOps com AWS,Udemy,IA/ML,AWS,34,223.45,4.43,2417,Sim,Sim,Alto
Cross-platform com Kotlin,Alura,Mobile,Kotlin,19,168.48,4.74,1457,Sim,Sim,Alto
Arquitetura Limpa com Java,Coursera,Arquitetura de Software,Java,28,256.8,4.68,1621,Sim,Sim,Alto
OWASP com Jenkins,Udemy,Segurança,Jenkins,36,148.06,4.38,2146,Sim,Não,Médio
Consultas em Django,DataCamp,Banco de Dados,Django,19,188.57,4.59,1458,Sim,Não,Médio
MLOps com JavaScript,Udemy,IA/ML,JavaScript,40,203.33,4.51,2245,Sim,Sim,Alto
Streaming com FastAPI,Coursera,Engenharia de Dados,FastAPI,30,340.16,4.88,1998,Sim,Sim,Alto
Full-Stack com GCP,Coursera,Desenvolvimento Web,GCP,22,195.49,4.54,1577,Sim,Não,Médio
Mobile com Pentest,DataCamp,Mobile,Pentest,32,176.7,4.26,1334,Sim,Não,Médio
Pentest com React Native,DIO,Segurança,React Native,29,182.68,3.98,1228,Sim,Sim,Alto
Pentest com GCP,DIO,Segurança,GCP,28,122.63,4.19,925,Sim,Sim,Alto
MLOps com C#,Alura,IA/ML,C#,33,304.66,4.71,1678,Não,Sim,Médio
Full-Stack com Flask,Alura,Desenvolvimento Web,Flask,35,237.85,4.72,1774,Sim,Não,Alto
Observabilidade com SQL,Origamid,DevOps,SQL,24,153.22,4.49,853,Sim,Sim,Alto
Testes de Carga com Spring,DataCamp,QA/Testes,Spring,17,93.54,4.4,1117,Sim,Sim,Alto
TDD com Hadoop,Udemy,QA/Testes,Hadoop,26,159.95,4.21,1868,Sim,Sim,Alto
Machine Learning com React Native,Alura,IA/ML,React Native,29,301.88,4.4,2648,Sim,Sim,Alto
Análise de Dados com Flask,Alura,Dados,Flask,19,207.89,4.83,1880,Sim,Sim,Alto
OWASP com OWASP,Pluralsight,Segurança,OWASP,16,235.29,4.71,2102,Sim,Não,Médio
Streaming com Kotlin,Udemy,Engenharia de Dados,Kotlin,32,180.45,4.2,2199,Sim,Não,Médio
Data Lakes com Java,Alura,Engenharia de Dados,Java,24,277.89,4.65,1035,Sim,Sim,Alto
Segurança com Java,Udemy,Segurança,Java,20,164.37,4.49,1400,Sim,Não,Médio
TDD com Swift,DIO,QA/Testes,Swift,15,156.81,4.13,899,Sim,Sim,Alto
Infra como Código na AWS,Coursera,Cloud,AWS,23,282.72,4.56,2188,Sim,Não,Médio
Data Viz com NumPy,DataCamp,Dados,NumPy,19,159.91,4.67,1504,Sim,Sim,Alto
ETL com Azure,DIO,Dados,Azure,29,146.74,4.21,731,Sim,Não,Médio
Testes de Carga com Rust,Udemy,QA/Testes,Rust,26,125.11,4.53,1195,Não,Sim,Alto
IA Aplicada com GCP,DIO,IA/ML,GCP,42,120.56,4.36,931,Sim,Sim,Alto
Microservices com Node.js,Alura,Arquitetura de Software,Node.js,27,245.6,4.61,825,Sim,Sim,Alto
Blue Team com TypeScript,DIO,Segurança,TypeScript,19,104.81,4.19,388,Sim,Sim,Alto
Modelagem com AWS,Udemy,Banco de Dados,AWS,30,94.44,4.42,2035,Não,Não,Médio
Do Zero ao Pro em React,Udemy,Programação,React,34,140.2,4.63,1333,Sim,Não,Alto
TDD com PyTorch,Alura,QA/Testes,PyTorch,20,172.68,4.68,1836,Sim,Não,Alto
Pipelines de Dados com AWS,Udemy,Engenharia de Dados,AWS,32,203.07,4.43,2155,Sim,Sim,Alto
Orquestração com TypeScript,DIO,Engenharia de Dados,TypeScript,30,140.93,4.39,792,Sim,Não,Alto
Serverless na Python,Coursera,Cloud,Python,22,306.47,4.47,1621,Sim,Sim,Alto
Apps com GCP,Udemy,Mobile,GCP,13,185.28,4.29,1965,Não,Sim,Médio
ETL com Go,Pluralsight,Dados,Go,20,189.36,4.04,1576,Sim,Sim,Alto
Modelagem com NumPy,Pluralsight,Banco de Dados,NumPy,15,206.11,4.39,1004,Não,Não,Médio
Cross-platform com Flutter,Udemy,Mobile,Flutter,16,198.77,4.27,1224,Sim,Sim,Alto
Algoritmos com Go,DataCamp,Programação,Go,28,203.25,4.06,941,Sim,Não,Médio
Análise de Dados com Hadoop,Udemy,Dados,Hadoop,16,162.85,4.64,2352,Sim,Sim,Alto
Blue Team com Python,Origamid,Segurança,Python,27,204.41,4.49,2421,Sim,Sim,Alto
Blue Team com Airflow,DataCamp,Segurança,Airflow,34,202.21,4.23,1221,Sim,Sim,Alto
Back-end com IAM,Alura,Desenvolvimento Web,IAM,33,113.54,4.81,1449,Sim,Sim,Alto
Infra como Código na Hadoop,Coursera,Cloud,Hadoop,40,259.07,4.51,2602,Sim,Sim,Alto
Pipelines de Dados com OWASP,Alura,Engenharia de Dados,OWASP,30,266.99,4.68,1464,Sim,Sim,Alto
Arquiteturas na GitLab CI,Alura,Cloud,GitLab CI,33,242.64,4.56,2175,Sim,Sim,Alto
Testes Automatizados com Kubernetes,Coursera,QA/Testes,Kubernetes,11,201.97,4.56,1995,Sim,Não,Alto
Cross-platform com PyTorch,Coursera,Mobile,PyTorch,20,216.39,4.6,1630,Sim,Sim,Alto
DevOps com Linux,Alura,DevOps,Linux,26,260.39,4.59,1325,Sim,Sim,Alto
Dashboards com Linux,Udemy,Dados,Linux,14,143.94,4.4,2109,Sim,Sim,Alto
Apps com NumPy,Alura,Mobile,NumPy,31,181.94,4.38,1041,Não,Sim,Médio
DDD com Terraform,Alura,Arquitetura de Software,Terraform,27,206.85,4.81,1993,Não,Sim,Alto
Administração em Angular,Alura,Banco de Dados,Angular,13,242.92,4.83,1258,Sim,Sim,Alto
Infra como Código na Rust,DIO,Cloud,Rust,28,138.73,4.2,327,Sim,Sim,Médio
Fundamentos de Hadoop,Alura,Programação,Hadoop,23,208.96,4.65,1690,Sim,Não,Alto
Testes de Carga com Spring,Udemy,QA/Testes,Spring,18,101.69,4.38,2022,Sim,Sim,Alto
Machine Learning com Terraform,Udemy,IA/ML,Terraform,46,227.38,4.44,2082,Sim,Sim,Médio
Apps com GitLab CI,DataCamp,Mobile,GitLab CI,24,150.54,4.64,830,Sim,Sim,Alto
Apps com Linux,Alura,Mobile,Linux,27,177.93,4.31,948,Sim,Sim,Alto
Testes Automatizados com Power BI,Udemy,QA/Testes,Power BI,28,79.27,4.48,2429,Sim,Sim,Alto
Scalability com React Native,Udemy,Arquitetura de Software,React Native,27,173.5,4.56,1282,Não,Sim,Alto
Administração em Swift,Udemy,Banco de Dados,Swift,16,121.23,4.72,2585,Sim,Sim,Alto
DDD com Go,Alura,Arquitetura de Software,Go,29,260.21,4.87,782,Sim,Sim,Alto
IA Aplicada com Go,Pluralsight,IA/ML,Go,32,248.54,4.68,1640,Sim,Sim,Alto
Arquitetura Limpa com TensorFlow,Alura,Arquitetura de Software,TensorFlow,25,212.17,4.04,1158,Sim,Sim,Médio
Pentest com GitLab CI,Origamid,Segurança,GitLab CI,25,181.97,4.26,603,Sim,Sim,Alto
Data Viz com TypeScript,Pluralsight,Dados,TypeScript,19,212.35,4.39,647,Sim,Sim,Alto
Modelagem com React,Udemy,Banco de Dados,React,20,99.95,4.51,1740,Sim,Sim,Alto
Dominando Spring,DataCamp,Programação,Spring,27,97.0,4.61,1614,Sim,Sim,Alto
Contêineres com Docker,Udemy,DevOps,Docker,15,176.56,4.63,1552,Sim,Sim,Alto
Deep Learning com TypeScript,Coursera,IA/ML,TypeScript,41,326.61,4.52,1333,Sim,Não,Médio
Full-Stack com Hadoop,Alura,Desenvolvimento Web,Hadoop,19,169.76,4.41,1129,Sim,Sim,Alto
Arquitetura Limpa com Hadoop,Udemy,Arquitetura de Software,Hadoop,24,159.2,4.44,1370,Sim,Sim,Alto
DevOps com FastAPI,Udemy,DevOps,FastAPI,28,180.54,4.64,1879,Sim,Sim,Alto
Otimização em Power BI,Udemy,Banco de Dados,Power BI,11,140.65,4.47,1618,Sim,Sim,Alto
Front-end com Pandas,Coursera,Desenvolvimento Web,Pandas,17,170.26,4.21,1739,Sim,Sim,Alto
Contêineres com Docker,Coursera,DevOps,Docker,22,259.22,4.75,2339,Não,Não,Médio
Arquitetura Limpa com Java,Alura,Arquitetura de Software,Java,39,221.75,4.43,2031,Sim,Sim,Alto
Pipelines de Dados com JavaScript,DataCamp,Engenharia de Dados,JavaScript,34,229.12,4.7,1359,Sim,Sim,Alto
Arquiteturas na Power BI,Udemy,Cloud,Power BI,24,211.41,4.23,2160,Sim,Sim,Alto
Testes Automatizados com Terraform,Alura,QA/Testes,Terraform,28,197.4,4.42,1682,Não,Sim,Alto
TDD com Java,DIO,QA/Testes,Java,17,63.13,4.31,520,Sim,Sim,Alto
Pipelines CI/CD com C#,Coursera,DevOps,C#,20,244.11,4.56,1696,Sim,Sim,Alto
DDD com Java,Alura,Arquitetura de Software,Java,36,204.83,4.24,1300,Sim,Sim,Alto
Algoritmos com Java,DataCamp,Programação,Java,22,184.21,4.32,1450,Sim,Sim,Alto
Data Viz com Pentest,Udemy,Dados,Pentest,26,146.95,4.43,2347,Não,Não,Médio
Dashboards com Docker,Pluralsight,Dados,Docker,18,204.72,4.6,1538,Sim,Sim,Alto
Do Zero em FastAPI,DIO,Mobile,FastAPI,32,126.21,3.99,1117,Sim,Sim,Alto
Infra como Código na GitLab CI,Origamid,Cloud,GitLab CI,23,206.9,4.48,998,Sim,Sim,Alto
Microservices com Angular,Udemy,Arquitetura de Software,Angular,31,189.94,4.68,1422,Sim,Sim,Alto
Blue Team com Power BI,Origamid,Segurança,Power BI,23,205.57,4.44,1425,Sim,Sim,Alto
TDD com Kotlin,Coursera,QA/Testes,Kotlin,26,191.96,4.54,1464,Sim,Sim,Alto
Consultas em Go,Udemy,Banco de Dados,Go,21,163.03,4.57,2604,Sim,Sim,Alto
Data Viz com Hadoop,DataCamp,Dados,Hadoop,20,164.15,4.7,1557,Sim,Não,Médio
OWASP com Django,DataCamp,Segurança,Django,18,288.97,4.59,1393,Sim,Sim,Alto
Pipelines de Dados com Spring,Udemy,Engenharia de Dados,Spring,44,177.33,4.58,2189,Sim,Sim,Alto
Cross-platform com React,Coursera,Mobile,React,22,173.44,4.63,2326,Sim,Não,Alto
Infra como Código na React Native,Udemy,Cloud,React Native,34,208.32,4.53,2221,Sim,Sim,Alto
TDD com Spring,Udemy,QA/Testes,Spring,18,150.96,4.31,1308,Sim,Sim,Alto
Streaming com C#,Origamid,Engenharia de Dados,C#,19,241.77,4.34,1090,Sim,Sim,Alto
DDD com Pandas,Coursera,Arquitetura de Software,Pandas,35,240.75,4.57,1518,Sim,Sim,Alto
ETL com AWS,Pluralsight,Dados,AWS,24,194.81,4.3,806,Sim,Sim,Médio
OWASP com Go,Coursera,Segurança,Go,29,264.21,4.65,2701,Sim,Sim,Alto
Cross-platform com Power BI,Udemy,Mobile,Power BI,20,148.05,4.57,1549,Sim,Não,Alto
ETL com Docker,DataCamp,Dados,Docker,10,153.48,4.28,1116,Sim,Sim,Alto
Consultas em Vue,Udemy,Banco de Dados,Vue,14,156.16,4.21,1559,Sim,Sim,Alto
OWASP com React,Coursera,Segurança,React,12,267.85,4.86,1500,Sim,Sim,Alto
Microservices com Pentest,Alura,Arquitetura de Software,Pentest,14,255.75,4.32,773,Sim,Não,Médio
Blue Team com Docker,Udemy,Segurança,Docker,24,149.88,4.38,2254,Não,Sim,Alto
IA Aplicada com NumPy,Udemy,IA/ML,NumPy,37,153.21,4.43,1854,Sim,Sim,Alto
Scalability com Rust,DataCamp,Arquitetura de Software,Rust,26,221.67,4.7,463,Sim,Sim,Alto
Machine Learning com Scikit-learn,Coursera,IA/ML,Scikit-learn,27,261.61,4.49,2385,Sim,Sim,Alto
Blue Team com Node.js,Alura,Segurança,Node.js,28,208.97,4.51,1612,Sim,Sim,Alto
Modelagem com TensorFlow,DataCamp,Banco de Dados,TensorFlow,13,222.33,4.48,1207,Sim,Não,Médio
Do Zero ao Pro em SIEM,Udemy,Programação,SIEM,21,119.83,4.35,2223,Não,Não,Médio
QA Ágil com Pentest,Udemy,QA/Testes,Pentest,17,180.62,4.34,2344,Sim,Não,Médio
Fundamentos de Flask,DataCamp,Programação,Flask,15,162.06,4.31,1449,Sim,Sim,Alto
Dashboards com Azure,Coursera,Dados,Azure,32,208.31,4.8,1674,Sim,Sim,Alto
Algoritmos com SIEM,DataCamp,Programação,SIEM,21,127.31,4.36,1111,Não,Sim,Médio
Pentest com Node.js,Origamid,Segurança,Node.js,24,161.24,4.45,521,Sim,Sim,Alto
Full-Stack com Scikit-learn,Udemy,Desenvolvimento Web,Scikit-learn,34,107.56,4.3,2195,Sim,Sim,Alto
Microservices com Hadoop,Udemy,Arquitetura de Software,Hadoop,22,180.6,4.51,2300,Sim,Não,Alto
Testes de Carga com Terraform,DataCamp,QA/Testes,Terraform,17,153.77,4.47,1086,Sim,Sim,Alto
Segurança com Flask,Coursera,Segurança,Flask,14,257.22,4.9,2098,Não,Sim,Alto
Pipelines de Dados com NumPy,Origamid,Engenharia de Dados,NumPy,35,179.38,4.43,354,Sim,Sim,Alto
Pipelines de Dados com Java,Pluralsight,Engenharia de Dados,Java,20,268.24,4.2,403,Sim,Sim,Médio
Modelagem com Pandas,Udemy,Banco de Dados,Pandas,10,175.79,4.43,1967,Sim,Sim,Alto
MLOps com Terraform,Coursera,IA/ML,Terraform,41,278.01,4.64,1631,Sim,Não,Médio
Certificação na JavaScript,Udemy,Cloud,JavaScript,24,240.86,4.49,2269,Sim,Não,Médio
DDD com Node.js,Udemy,Arquitetura de Software,Node.js,32,139.88,4.27,2086,Sim,Sim,Alto
Testes de Carga com Java,DataCamp,QA/Testes,Java,12,157.15,4.68,1280,Não,Sim,Médio
Web Moderno com FastAPI,Alura,Desenvolvimento Web,FastAPI,22,196.06,4.3,1210,Sim,Sim,Alto
Modelagem com Hadoop,Udemy,Banco de Dados,Hadoop,29,73.47,4.65,2298,Sim,Sim,Alto
Arquiteturas na React Native,Coursera,Cloud,React Native,24,283.48,4.56,2827,Sim,Sim,Alto
Blue Team com AWS,DIO,Segurança,AWS,17,158.47,4.23,1186,Sim,Sim,Alto
Data Lakes com Azure,Udemy,Engenharia de Dados,Azure,28,178.75,4.25,2245,Sim,Sim,Alto
Streaming com SIEM,Coursera,Engenharia de Dados,SIEM,22,339.99,4.85,1668,Sim,Sim,Alto
Apps com Angular,Alura,Mobile,Angular,25,170.56,4.38,1763,Sim,Sim,Alto
Otimização em React,Pluralsight,Banco de Dados,React,14,231.66,4.82,1178,Sim,Sim,Alto
Do Zero em Spark,Udemy,Mobile,Spark,31,86.3,4.36,1415,Sim,Sim,Alto
Análise de Dados com Scikit-learn,Udemy,Dados,Scikit-learn,23,200.79,4.62,1749,Sim,Sim,Alto
Data Viz com Angular,Pluralsight,Dados,Angular,10,231.88,4.52,1187,Sim,Sim,Alto
TDD com Java,Udemy,QA/Testes,Java,10,177.68,4.53,1337,Sim,Não,Médio
Serverless na Linux,Alura,Cloud,Linux,29,306.9,4.44,1582,Sim,Sim,Alto
Segurança com Swift,Alura,Segurança,Swift,24,247.74,4.04,1311,Sim,Sim,Médio
Arquiteturas na Spring,Alura,Cloud,Spring,29,281.87,4.54,1778,Sim,Sim,Alto
QA Ágil com Flutter,Alura,QA/Testes,Flutter,8,204.55,4.51,1005,Sim,Não,Médio
Scalability com Swift,Coursera,Arquitetura de Software,Swift,27,235.64,4.41,1682,Sim,Sim,Alto
Data Viz com JavaScript,Udemy,Dados,JavaScript,19,145.31,4.49,1163,Sim,Sim,Alto
MLOps com PyTorch,DIO,IA/ML,PyTorch,43,149.82,4.51,1922,Não,Sim,Alto
Full-Stack com GitLab CI,Alura,Desenvolvimento Web,GitLab CI,16,219.93,4.68,1477,Sim,Não,Alto
Pipelines CI/CD com Flutter,Pluralsight,DevOps,Flutter,25,206.9,4.39,1994,Sim,Sim,Alto
Otimização em PyTorch,Udemy,Banco de Dados,PyTorch,24,163.2,4.55,2187,Sim,Sim,Alto
Algoritmos com Rust,Coursera,Programação,Rust,27,238.39,4.2,2196,Não,Sim,Médio
Fundamentos de Azure,Origamid,Programação,Azure,29,184.69,4.39,1241,Sim,Sim,Alto
Arquitetura Limpa com IAM,Alura,Arquitetura de Software,IAM,21,307.13,4.47,1284,Sim,Sim,Alto
Serverless na IAM,Udemy,Cloud,IAM,37,227.36,4.74,1865,Não,Não,Médio
Administração em Linux,Coursera,Banco de Dados,Linux,17,198.46,4.57,2584,Sim,Sim,Alto
Deep Learning com Java,Alura,IA/ML,Java,42,240.0,4.16,1467,Sim,Não,Médio
Microservices com FastAPI,Alura,Arquitetura de Software,FastAPI,40,231.2,4.37,1384,Sim,Não,Médio
DDD com NumPy,Coursera,Arquitetura de Software,NumPy,25,316.19,4.2,2418,Sim,Sim,Médio
Consultas em Spring,Pluralsight,Banco de Dados,Spring,21,175.31,4.14,841,Sim,Não,Médio
Blue Team com Linux,Alura,Segurança,Linux,27,199.88,4.47,1079,Sim,Sim,Alto
Certificação na Flutter,Alura,Cloud,Flutter,32,225.92,4.65,1641,Sim,Sim,Alto
Microservices com Linux,Origamid,Arquitetura de Software,Linux,37,196.8,4.14,811,Sim,Não,Médio
Scalability com OWASP,Udemy,Arquitetura de Software,OWASP,25,158.06,4.54,1418,Sim,Sim,Alto
Mobile com GCP,Coursera,Mobile,GCP,15,274.56,4.65,2315,Sim,Sim,Alto
DevOps com Flask,Pluralsight,DevOps,Flask,17,214.42,4.46,1132,Sim,Sim,Alto
Modelagem com React,Udemy,Banco de Dados,React,16,166.61,4.27,1823,Sim,Sim,Alto
Do Zero ao Pro em Pandas,Coursera,Programação,Pandas,23,205.05,4.84,1592,Sim,Não,Alto
Web Moderno com OWASP,Alura,Desenvolvimento Web,OWASP,22,209.73,4.44,1590,Não,Sim,Médio
Web Moderno com Go,Udemy,Desenvolvimento Web,Go,22,137.23,4.27,2186,Sim,Sim,Alto
Testes Automatizados com TypeScript,Pluralsight,QA/Testes,TypeScript,20,135.99,4.39,988,Sim,Sim,Alto
Full-Stack com IAM,Udemy,Desenvolvimento Web,IAM,27,151.49,4.33,2062,Sim,Sim,Alto
Pentest com Hadoop,Origamid,Segurança,Hadoop,27,237.85,4.33,798,Sim,Não,Médio
ETL com GitLab CI,Udemy,Dados,GitLab CI,18,158.36,4.59,1879,Sim,Não,Alto
Do Zero em GitLab CI,DataCamp,Mobile,GitLab CI,21,127.84,3.97,1314,Sim,Sim,Alto
Modelagem com Kubernetes,Udemy,Banco de Dados,Kubernetes,18,189.04,4.38,984,Sim,Sim,Alto
Apps com Pandas,Udemy,Mobile,Pandas,27,142.73,4.61,1591,Sim,Não,Alto
Do Zero ao Pro em OWASP,Udemy,Programação,OWASP,26,113.25,4.25,2139,Não,Não,Médio
Scalability com Linux,Alura,Arquitetura de Software,Linux,25,289.96,4.6,1116,Sim,Não,Médio
Otimização em SIEM,Alura,Banco de Dados,SIEM,29,223.51,4.44,1160,Sim,Sim,Alto
Deep Learning com TensorFlow,Udemy,IA/ML,TensorFlow,46,201.49,4.25,2092,Sim,Sim,Alto
Apps com Swift,DIO,Mobile,Swift,24,143.49,4.1,1381,Sim,Sim,Alto
Arquitetura Limpa com Hadoop,Coursera,Arquitetura de Software,Hadoop,27,255.19,4.73,1973,Sim,Não,Médio
TDD com Swift,Coursera,QA/Testes,Swift,13,275.97,4.82,1169,Sim,Não,Médio
Fundamentos de Spring,Coursera,Programação,Spring,26,181.63,4.67,1537,Sim,Sim,Alto
Dashboards com SQL,Udemy,Dados,SQL,22,171.19,4.46,2406,Não,Não,Médio
Streaming com Spark,Alura,Engenharia de Dados,Spark,33,276.45,4.28,966,Sim,Não,Médio
Data Lakes com React Native,Pluralsight,Engenharia de Dados,React Native,38,232.88,4.65,1164,Sim,Não,Médio
QA Ágil com React Native,Udemy,QA/Testes,React Native,21,123.61,4.55,1337,Não,Sim,Alto
MLOps com Azure,Udemy,IA/ML,Azure,33,234.53,4.5,2470,Sim,Sim,Alto
Infra como Código na Kotlin,Coursera,Cloud,Kotlin,21,303.9,4.67,2513,Sim,Sim,Alto
Orquestração com Flask,Coursera,Engenharia de Dados,Flask,39,291.75,5.0,2342,Sim,Sim,Alto
Machine Learning com Django,Alura,IA/ML,Django,43,230.26,4.22,2136,Sim,Sim,Alto
Blue Team com Pentest,Udemy,Segurança,Pentest,25,178.65,4.41,1413,Sim,Sim,Alto
Consultas em Pentest,DIO,Banco de Dados,Pentest,10,135.65,4.52,907,Não,Sim,Alto
Data Viz com React,Udemy,Dados,React,17,126.63,4.7,1125,Sim,Não,Alto
DevOps com Angular,Coursera,DevOps,Angular,22,249.98,4.37,2236,Sim,Não,Médio
Cross-platform com GitLab CI,Udemy,Mobile,GitLab CI,15,111.53,4.44,1846,Não,Sim,Alto
QA Ágil com SIEM,Coursera,QA/Testes,SIEM,14,189.59,4.53,1755,Sim,Sim,Alto
Serverless na Java,Coursera,Cloud,Java,23,281.94,4.72,2098,Sim,Sim,Alto
Testes Automatizados com FastAPI,Alura,QA/Testes,FastAPI,25,171.38,4.68,1612,Sim,Sim,Alto
Algoritmos com React Native,Alura,Programação,React Native,22,155.23,4.15,1406,Não,Não,Médio
Front-end com AWS,Pluralsight,Desenvolvimento Web,AWS,22,178.8,4.2,2119,Sim,Não,Médio
Certificação na GitLab CI,Udemy,Cloud,GitLab CI,22,217.64,4.83,1435,Sim,Sim,Alto
ETL com IAM,Udemy,Dados,IAM,16,141.29,4.26,1758,Sim,Sim,Alto
Cross-platform com TypeScript,DataCamp,Mobile,TypeScript,10,195.84,4.67,1160,Sim,Sim,Alto
DDD com C#,Pluralsight,Arquitetura de Software,C#,29,237.34,4.06,700,Sim,Sim,Médio
QA Ágil com Node.js,Coursera,QA/Testes,Node.js,8,231.81,4.39,1796,Sim,Sim,Médio
Microservices com Pandas,Origamid,Arquitetura de Software,Pandas,26,188.9,4.54,120,Sim,Sim,Alto
OWASP com NumPy,Pluralsight,Segurança,NumPy,27,234.59,4.22,1688,Sim,Sim,Alto
Front-end com SIEM,Coursera,Desenvolvimento Web,SIEM,26,236.12,4.57,1814,Não,Sim,Médio
Streaming com GCP,Alura,Engenharia de Dados,GCP,32,250.68,4.28,2075,Sim,Sim,Alto
QA Ágil com Kotlin,Coursera,QA/Testes,Kotlin,13,173.21,4.76,1815,Sim,Não,Alto
TDD com Jenkins,Alura,QA/Testes,Jenkins,25,138.7,4.81,470,Sim,Não,Alto
DevOps com IAM,Coursera,DevOps,IAM,17,203.39,4.75,2145,Sim,Sim,Alto
Do Zero em Kubernetes,Udemy,Mobile,Kubernetes,27,146.31,4.13,1839,Sim,Não,Médio
Mobile com OWASP,DIO,Mobile,OWASP,20,149.12,4.12,837,Sim,Não,Médio
MLOps com Kubernetes,Udemy,IA/ML,Kubernetes,40,222.24,4.48,2071,Sim,Sim,Alto
TDD com Spring,DIO,QA/Testes,Spring,15,92.02,4.27,641,Sim,Sim,Alto
QA Ágil com Linux,Alura,QA/Testes,Linux,20,156.97,4.65,319,Sim,Sim,Alto
Dominando TypeScript,DIO,Programação,TypeScript,27,164.84,4.2,472,Sim,Sim,Alto
Cross-platform com GCP,Pluralsight,Mobile,GCP,24,211.57,4.53,1443,Sim,Sim,Alto
Serverless na Jenkins,DIO,Cloud,Jenkins,20,166.61,4.05,1074,Sim,Sim,Médio
Orquestração com TensorFlow,DIO,Engenharia de Dados,TensorFlow,39,192.72,4.36,908,Sim,Sim,Alto
Orquestração com AWS,DIO,Engenharia de Dados,AWS,32,203.31,4.27,690,Sim,Sim,Alto
Cross-platform com Terraform,Alura,Mobile,Terraform,29,196.86,4.55,839,Sim,Sim,Alto
Machine Learning com JavaScript,Coursera,IA/ML,JavaScript,46,377.69,4.7,2505,Sim,Sim,Alto
Otimização em Next.js,Udemy,Banco de Dados,Next.js,24,169.59,4.49,1700,Sim,Não,Médio
Apps com C#,Alura,Mobile,C#,27,161.63,4.34,1512,Sim,Não,Médio
Cross-platform com FastAPI,Alura,Mobile,FastAPI,10,157.77,4.73,1225,Sim,Sim,Alto
Contêineres com SQL,Origamid,DevOps,SQL,33,206.91,4.35,483,Sim,Sim,Alto
ETL com NumPy,Alura,Dados,NumPy,30,217.29,4.38,2330,Sim,Não,Médio
Observabilidade com Rust,Alura,DevOps,Rust,18,249.08,4.58,1106,Sim,Sim,Alto
Do Zero em C#,DataCamp,Mobile,C#,26,152.96,4.51,560,Sim,Sim,Alto
Administração em Linux,DIO,Banco de Dados,Linux,23,179.89,4.33,802,Sim,Sim,Alto
Dashboards com FastAPI,Coursera,Dados,FastAPI,23,206.42,4.5,2504,Sim,Sim,Alto
Consultas em AWS,DIO,Banco de Dados,AWS,21,172.52,4.02,1293,Não,Sim,Médio
Pipelines de Dados com Flutter,Udemy,Engenharia de Dados,Flutter,23,129.54,4.53,1869,Sim,Sim,Alto
Certificação na React,Coursera,Cloud,React,21,281.42,4.58,2096,Sim,Sim,Alto
Certificação na Hadoop,DataCamp,Cloud,Hadoop,22,184.9,3.98,1368,Sim,Sim,Alto
Machine Learning com FastAPI,Udemy,IA/ML,FastAPI,40,184.15,4.6,1932,Sim,Não,Alto
